filename,book_and_chapter,duration,book,chapter
Gen001,창세기 1장,4:31,창세기,1
Gen002,창세기 2장,3:22,창세기,2
Gen003,창세기 3장,3:58,창세기,3
Gen004,창세기 4장,3:58,창세기,4
Gen005,창세기 5장,2:30,창세기,5
Gen006,창세기 6장,3:13,창세기,6
Gen007,창세기 7장,2:53,창세기,7
Gen008,창세기 8장,2:55,창세기,8
Gen009,창세기 9장,3:45,창세기,9
Gen010,창세기 10장,3:21,창세기,10
Gen011,창세기 11장,3:19,창세기,11
Gen012,창세기 12장,3:04,창세기,12
Gen013,창세기 13장,2:31,창세기,13
Gen014,창세기 14장,3:48,창세기,14
Gen015,창세기 15장,2:57,창세기,15
Gen016,창세기 16장,2:44,창세기,16
Gen017,창세기 17장,4:02,창세기,17
Gen018,창세기 18장,5:06,창세기,18
Gen019,창세기 19장,5:51,창세기,19
Gen020,창세기 20장,3:00,창세기,20
Gen021,창세기 21장,4:27,창세기,21
Gen022,창세기 22장,3:48,창세기,22
Gen023,창세기 23장,3:06,창세기,23
Gen024,창세기 24장,10:15,창세기,24
Gen025,창세기 25장,4:27,창세기,25
Gen026,창세기 26장,5:12,창세기,26
Gen027,창세기 27장,7:31,창세기,27
Gen028,창세기 28장,3:41,창세기,28
Gen029,창세기 29장,5:01,창세기,29
Gen030,창세기 30장,6:32,창세기,30
Gen031,창세기 31장,9:00,창세기,31
Gen032,창세기 32장,4:59,창세기,32
Gen033,창세기 33장,2:58,창세기,33
Gen034,창세기 34장,4:41,창세기,34
Gen035,창세기 35장,4:17,창세기,35
Gen036,창세기 36장,5:30,창세기,36
Gen037,창세기 37장,5:26,창세기,37
Gen038,창세기 38장,4:43,창세기,38
Gen039,창세기 39장,3:32,창세기,39
Gen040,창세기 40장,3:09,창세기,40
Gen041,창세기 41장,7:25,창세기,41
Gen042,창세기 42장,6:08,창세기,42
Gen043,창세기 43장,5:34,창세기,43
Gen044,창세기 44장,5:13,창세기,44
Gen045,창세기 45장,4:23,창세기,45
Gen046,창세기 46장,4:39,창세기,46
Gen047,창세기 47장,5:24,창세기,47
Gen048,창세기 48장,4:01,창세기,48
Gen049,창세기 49장,4:58,창세기,49
Gen050,창세기 50장,4:08,창세기,50
Exo001,출애굽기 1장,2:45,출애굽기,1
Exo002,출애굽기 2장,3:50,출애굽기,2
Exo003,출애굽기 3장,4:41,출애굽기,3
Exo004,출애굽기 4장,5:05,출애굽기,4
Exo005,출애굽기 5장,3:42,출애굽기,5
Exo006,출애굽기 6장,4:30,출애굽기,6
Exo007,출애굽기 7장,4:04,출애굽기,7
Exo008,출애굽기 8장,5:46,출애굽기,8
Exo009,출애굽기 9장,5:50,출애굽기,9
Exo010,출애굽기 10장,5:23,출애굽기,10
Exo011,출애굽기 11장,1:53,출애굽기,11
Exo012,출애굽기 12장,7:43,출애굽기,12
Exo013,출애굽기 13장,4:00,출애굽기,13
Exo014,출애굽기 14장,5:23,출애굽기,14
Exo015,출애굽기 15장,4:46,출애굽기,15
Exo016,출애굽기 16장,6:19,출애굽기,16
Exo017,출애굽기 17장,2:53,출애굽기,17
Exo018,출애굽기 18장,4:34,출애굽기,18
Exo019,출애굽기 19장,4:19,출애굽기,19
Exo020,출애굽기 20장,3:42,출애굽기,20
Exo021,출애굽기 21장,5:05,출애굽기,21
Exo022,출애굽기 22장,4:32,출애굽기,22
Exo023,출애굽기 23장,5:14,출애굽기,23
Exo024,출애굽기 24장,2:43,출애굽기,24
Exo025,출애굽기 25장,4:29,출애굽기,25
Exo026,출애굽기 26장,4:38,출애굽기,26
Exo027,출애굽기 27장,2:54,출애굽기,27
Exo028,출애굽기 28장,6:12,출애굽기,28
Exo029,출애굽기 29장,6:45,출애굽기,29
Exo030,출애굽기 30장,5:04,출애굽기,30
Exo031,출애굽기 31장,2:34,출애굽기,31
Exo032,출애굽기 32장,6:27,출애굽기,32
Exo033,출애굽기 33장,4:18,출애굽기,33
Exo034,출애굽기 34장,6:29,출애굽기,34
Exo035,출애굽기 35장,4:52,출애굽기,35
Exo036,출애굽기 36장,5:21,출애굽기,36
Exo037,출애굽기 37장,3:55,출애굽기,37
Exo038,출애굽기 38장,4:34,출애굽기,38
Exo039,출애굽기 39장,5:58,출애굽기,39
Exo040,출애굽기 40장,4:29,출애굽기,40
Lev001,레위기 1장,2:55,레위기,1
Lev002,레위기 2장,2:38,레위기,2
Lev003,레위기 3장,2:46,레위기,3
Lev004,레위기 4장,5:22,레위기,4
Lev005,레위기 5장,4:03,레위기,5
Lev006,레위기 6장,4:52,레위기,6
Lev007,레위기 7장,5:49,레위기,7
Lev008,레위기 8장,5:48,레위기,8
Lev009,레위기 9장,3:45,레위기,9
Lev010,레위기 10장,3:59,레위기,10
Lev011,레위기 11장,6:15,레위기,11
Lev012,레위기 12장,1:36,레위기,12
Lev013,레위기 13장,9:29,레위기,13
Lev014,레위기 14장,8:13,레위기,14
Lev015,레위기 15장,5:03,레위기,15
Lev016,레위기 16장,5:55,레위기,16
Lev017,레위기 17장,3:00,레위기,17
Lev018,레위기 18장,4:17,레위기,18
Lev019,레위기 19장,5:43,레위기,19
Lev020,레위기 20장,5:10,레위기,20
Lev021,레위기 21장,3:44,레위기,21
Lev022,레위기 22장,5:22,레위기,22
Lev023,레위기 23장,7:03,레위기,23
Lev024,레위기 24장,3:25,레위기,24
Lev025,레위기 25장,8:49,레위기,25
Lev026,레위기 26장,7:46,레위기,26
Lev027,레위기 27장,5:15,레위기,27
Num001,민수기 1장,6:31,민수기,1
Num002,민수기 2장,4:04,민수기,2
Num003,민수기 3장,7:05,민수기,3
Num004,민수기 4장,6:34,민수기,4
Num005,민수기 5장,4:57,민수기,5
Num006,민수기 6장,4:22,민수기,6
Num007,민수기 7장,12:51,민수기,7
Num008,민수기 8장,4:17,민수기,8
Num009,민수기 9장,3:59,민수기,9
Num010,민수기 10장,4:54,민수기,10
Num011,민수기 11장,6:05,민수기,11
Num012,민수기 12장,2:37,민수기,12
Num013,민수기 13장,4:09,민수기,13
Num014,민수기 14장,7:17,민수기,14
Num015,민수기 15장,5:27,민수기,15
Num016,민수기 16장,8:06,민수기,16
Num017,민수기 17장,2:11,민수기,17
Num018,민수기 18장,6:13,민수기,18
Num019,민수기 19장,3:54,민수기,19
Num020,민수기 20장,4:55,민수기,20
Num021,민수기 21장,5:38,민수기,21
Num022,민수기 22장,7:01,민수기,22
Num023,민수기 23장,5:07,민수기,23
Num024,민수기 24장,4:08,민수기,24
Num025,민수기 25장,2:44,민수기,25
Num026,민수기 26장,8:33,민수기,26
Num027,민수기 27장,3:25,민수기,27
Num028,민수기 28장,4:14,민수기,28
Num029,민수기 29장,5:38,민수기,29
Num030,민수기 30장,2:59,민수기,30
Num031,민수기 31장,7:05,민수기,31
Num032,민수기 32장,6:34,민수기,32
Num033,민수기 33장,5:06,민수기,33
Num034,민수기 34장,3:20,민수기,34
Num035,민수기 35장,5:06,민수기,35
Num036,민수기 36장,2:34,민수기,36
Deu001,신명기 1장,8:00,신명기,1
Deu002,신명기 2장,6:06,신명기,2
Deu003,신명기 3장,5:29,신명기,3
Deu004,신명기 4장,9:17,신명기,4
Deu005,신명기 5장,5:34,신명기,5
Deu006,신명기 6장,4:07,신명기,6
Deu007,신명기 7장,5:32,신명기,7
Deu008,신명기 8장,3:38,신명기,8
Deu009,신명기 9장,6:00,신명기,9
Deu010,신명기 10장,3:48,신명기,10
Deu011,신명기 11장,5:30,신명기,11
Deu012,신명기 12장,6:07,신명기,12
Deu013,신명기 13장,3:35,신명기,13
Deu014,신명기 14장,4:02,신명기,14
Deu015,신명기 15장,4:15,신명기,15
Deu016,신명기 16장,3:46,신명기,16
Deu017,신명기 17장,3:41,신명기,17
Deu018,신명기 18장,3:42,신명기,18
Deu019,신명기 19장,3:43,신명기,19
Deu020,신명기 20장,3:46,신명기,20
Deu021,신명기 21장,4:09,신명기,21
Deu022,신명기 22장,4:50,신명기,22
Deu023,신명기 23장,3:56,신명기,23
Deu024,신명기 24장,4:11,신명기,24
Deu025,신명기 25장,3:26,신명기,25
Deu026,신명기 26장,3:51,신명기,26
Deu027,신명기 27장,4:02,신명기,27
Deu028,신명기 28장,11:38,신명기,28
Deu029,신명기 29장,5:02,신명기,29
Deu030,신명기 30장,4:11,신명기,30
Deu031,신명기 31장,5:52,신명기,31
Deu032,신명기 32장,8:11,신명기,32
Deu033,신명기 33장,5:14,신명기,33
Deu034,신명기 34장,1:47,신명기,34
Jos001,여호수아 1장,3:32,여호수아,1
Jos002,여호수아 2장,4:19,여호수아,2
Jos003,여호수아 3장,3:06,여호수아,3
Jos004,여호수아 4장,3:50,여호수아,4
Jos005,여호수아 5장,3:02,여호수아,5
Jos006,여호수아 6장,5:09,여호수아,6
Jos007,여호수아 7장,5:43,여호수아,7
Jos008,여호수아 8장,6:18,여호수아,8
Jos009,여호수아 9장,4:49,여호수아,9
Jos010,여호수아 10장,8:08,여호수아,10
Jos011,여호수아 11장,4:06,여호수아,11
Jos012,여호수아 12장,2:53,여호수아,12
Jos013,여호수아 13장,5:17,여호수아,13
Jos014,여호수아 14장,2:58,여호수아,14
Jos015,여호수아 15장,6:30,여호수아,15
Jos016,여호수아 16장,1:31,여호수아,16
Jos017,여호수아 17장,4:02,여호수아,17
Jos018,여호수아 18장,4:23,여호수아,18
Jos019,여호수아 19장,6:03,여호수아,19
Jos020,여호수아 20장,1:48,여호수아,20
Jos021,여호수아 21장,6:13,여호수아,21
Jos022,여호수아 22장,7:36,여호수아,22
Jos023,여호수아 23장,3:24,여호수아,23
Jos024,여호수아 24장,6:49,여호수아,24
Jdg001,사사기 1장,6:08,사사기,1
Jdg002,사사기 2장,4:14,사사기,2
Jdg003,사사기 3장,5:12,사사기,3
Jdg004,사사기 4장,4:31,사사기,4
Jdg005,사사기 5장,5:24,사사기,5
Jdg006,사사기 6장,8:03,사사기,6
Jdg007,사사기 7장,5:35,사사기,7
Jdg008,사사기 8장,6:08,사사기,8
Jdg009,사사기 9장,9:41,사사기,9
Jdg010,사사기 10장,2:57,사사기,10
Jdg011,사사기 11장,7:16,사사기,11
Jdg012,사사기 12장,2:53,사사기,12
Jdg013,사사기 13장,4:48,사사기,13
Jdg014,사사기 14장,4:24,사사기,14
Jdg015,사사기 15장,4:00,사사기,15
Jdg016,사사기 16장,6:48,사사기,16
Jdg017,사사기 17장,2:29,사사기,17
Jdg018,사사기 18장,5:51,사사기,18
Jdg019,사사기 19장,5:53,사사기,19
Jdg020,사사기 20장,8:06,사사기,20
Jdg021,사사기 21장,4:33,사사기,21
Rut001,룻기 1장,4:10,룻기,1
Rut002,룻기 2장,4:28,룻기,2
Rut003,룻기 3장,3:23,룻기,3
Rut004,룻기 4장,3:55,룻기,4
1Sa001,사무엘상 1장,4:46,사무엘상,1
1Sa002,사무엘상 2장,7:05,사무엘상,2
1Sa003,사무엘상 3장,3:43,사무엘상,3
1Sa004,사무엘상 4장,4:23,사무엘상,4
1Sa005,사무엘상 5장,2:27,사무엘상,5
1Sa006,사무엘상 6장,4:22,사무엘상,6
1Sa007,사무엘상 7장,3:20,사무엘상,7
1Sa008,사무엘상 8장,3:12,사무엘상,8
1Sa009,사무엘상 9장,6:02,사무엘상,9
1Sa010,사무엘상 10장,5:05,사무엘상,10
1Sa011,사무엘상 11장,2:53,사무엘상,11
1Sa012,사무엘상 12장,5:12,사무엘상,12
1Sa013,사무엘상 13장,4:06,사무엘상,13
1Sa014,사무엘상 14장,9:57,사무엘상,14
1Sa015,사무엘상 15장,6:39,사무엘상,15
1Sa016,사무엘상 16장,4:38,사무엘상,16
1Sa017,사무엘상 17장,9:41,사무엘상,17
1Sa018,사무엘상 18장,5:07,사무엘상,18
1Sa019,사무엘상 19장,4:26,사무엘상,19
1Sa020,사무엘상 20장,7:50,사무엘상,20
1Sa021,사무엘상 21장,2:59,사무엘상,21
1Sa022,사무엘상 22장,4:35,사무엘상,22
1Sa023,사무엘상 23장,5:14,사무엘상,23
1Sa024,사무엘상 24장,4:06,사무엘상,24
1Sa025,사무엘상 25장,8:30,사무엘상,25
1Sa026,사무엘상 26장,5:22,사무엘상,26
1Sa027,사무엘상 27장,2:25,사무엘상,27
1Sa028,사무엘상 28장,5:00,사무엘상,28
1Sa029,사무엘상 29장,2:36,사무엘상,29
1Sa030,사무엘상 30장,5:07,사무엘상,30
1Sa031,사무엘상 31장,2:08,사무엘상,31
2Sa001,사무엘하 1장,4:35,사무엘하,1
2Sa002,사무엘하 2장,5:35,사무엘하,2
2Sa003,사무엘하 3장,7:27,사무엘하,3
2Sa004,사무엘하 4장,2:40,사무엘하,4
2Sa005,사무엘하 5장,4:13,사무엘하,5
2Sa006,사무엘하 6장,4:03,사무엘하,6
2Sa007,사무엘하 7장,5:23,사무엘하,7
2Sa008,사무엘하 8장,2:59,사무엘하,8
2Sa009,사무엘하 9장,2:44,사무엘하,9
2Sa010,사무엘하 10장,3:31,사무엘하,10
2Sa011,사무엘하 11장,4:55,사무엘하,11
2Sa012,사무엘하 12장,6:06,사무엘하,12
2Sa013,사무엘하 13장,7:24,사무엘하,13
2Sa014,사무엘하 14장,6:58,사무엘하,14
2Sa015,사무엘하 15장,7:16,사무엘하,15
2Sa016,사무엘하 16장,4:43,사무엘하,16
2Sa017,사무엘하 17장,5:54,사무엘하,17
2Sa018,사무엘하 18장,7:00,사무엘하,18
2Sa019,사무엘하 19장,8:59,사무엘하,19
2Sa020,사무엘하 20장,5:11,사무엘하,20
2Sa021,사무엘하 21장,4:41,사무엘하,21
2Sa022,사무엘하 22장,6:20,사무엘하,22
2Sa023,사무엘하 23장,5:39,사무엘하,23
2Sa024,사무엘하 24장,5:14,사무엘하,24
1Ki001,열왕기상 1장,9:14,열왕기상,1
1Ki002,열왕기상 2장,9:10,열왕기상,2
1Ki003,열왕기상 3장,5:01,열왕기상,3
1Ki004,열왕기상 4장,4:35,열왕기상,4
1Ki005,열왕기상 5장,3:14,열왕기상,5
1Ki006,열왕기상 6장,5:17,열왕기상,6
1Ki007,열왕기상 7장,8:13,열왕기상,7
1Ki008,열왕기상 8장,12:12,열왕기상,8
1Ki009,열왕기상 9장,4:38,열왕기상,9
1Ki010,열왕기상 10장,4:43,열왕기상,10
1Ki011,열왕기상 11장,7:48,열왕기상,11
1Ki012,열왕기상 12장,6:06,열왕기상,12
1Ki013,열왕기상 13장,6:12,열왕기상,13
1Ki014,열왕기상 14장,5:38,열왕기상,14
1Ki015,열왕기상 15장,5:23,열왕기상,15
1Ki016,열왕기상 16장,5:47,열왕기상,16
1Ki017,열왕기상 17장,3:48,열왕기상,17
1Ki018,열왕기상 18장,8:18,열왕기상,18
1Ki019,열왕기상 19장,4:20,열왕기상,19
1Ki020,열왕기상 20장,8:29,열왕기상,20
1Ki021,열왕기상 21장,5:06,열왕기상,21
1Ki022,열왕기상 22장,9:02,열왕기상,22
2Ki001,열왕기하 1장,4:03,열왕기하,1
2Ki002,열왕기하 2장,5:14,열왕기하,2
2Ki003,열왕기하 3장,4:46,열왕기하,3
2Ki004,열왕기하 4장,8:00,열왕기하,4
2Ki005,열왕기하 5장,6:02,열왕기하,5
2Ki006,열왕기하 6장,6:06,열왕기하,6
2Ki007,열왕기하 7장,4:39,열왕기하,7
2Ki008,열왕기하 8장,5:47,열왕기하,8
2Ki009,열왕기하 9장,7:16,열왕기하,9
2Ki010,열왕기하 10장,7:01,열왕기하,10
2Ki011,열왕기하 11장,3:38,열왕기하,11
2Ki012,열왕기하 12장,3:44,열왕기하,12
2Ki013,열왕기하 13장,4:33,열왕기하,13
2Ki014,열왕기하 14장,5:04,열왕기하,14
2Ki015,열왕기하 15장,5:49,열왕기하,15
2Ki016,열왕기하 16장,3:33,열왕기하,16
2Ki017,열왕기하 17장,7:20,열왕기하,17
2Ki018,열왕기하 18장,7:10,열왕기하,18
2Ki019,열왕기하 19장,6:38,열왕기하,19
2Ki020,열왕기하 20장,3:57,열왕기하,20
2Ki021,열왕기하 21장,4:12,열왕기하,21
2Ki022,열왕기하 22장,3:55,열왕기하,22
2Ki023,열왕기하 23장,7:54,열왕기하,23
2Ki024,열왕기하 24장,3:31,열왕기하,24
2Ki025,열왕기하 25장,5:10,열왕기하,25
1Ch001,역대기상 1장,4:59,역대기상,1
1Ch002,역대기상 2장,5:52,역대기상,2
1Ch003,역대기상 3장,2:43,역대기상,3
1Ch004,역대기상 4장,5:37,역대기상,4
1Ch005,역대기상 5장,4:01,역대기상,5
1Ch006,역대기상 6장,8:36,역대기상,6
1Ch007,역대기상 7장,5:23,역대기상,7
1Ch008,역대기상 8장,3:30,역대기상,8
1Ch009,역대기상 9장,5:51,역대기상,9
1Ch010,역대기상 10장,2:14,역대기상,10
1Ch011,역대기상 11장,6:00,역대기상,11
1Ch012,역대기상 12장,6:08,역대기상,12
1Ch013,역대기상 13장,2:18,역대기상,13
1Ch014,역대기상 14장,2:24,역대기상,14
1Ch015,역대기상 15장,4:15,역대기상,15
1Ch016,역대기상 16장,5:33,역대기상,16
1Ch017,역대기상 17장,4:48,역대기상,17
1Ch018,역대기상 18장,2:37,역대기상,18
1Ch019,역대기상 19장,3:31,역대기상,19
1Ch020,역대기상 20장,1:32,역대기상,20
1Ch021,역대기상 21장,5:38,역대기상,21
1Ch022,역대기상 22장,3:45,역대기상,22
1Ch023,역대기상 23장,3:51,역대기상,23
1Ch024,역대기상 24장,3:30,역대기상,24
1Ch025,역대기상 25장,3:46,역대기상,25
1Ch026,역대기상 26장,4:30,역대기상,26
1Ch027,역대기상 27장,4:36,역대기상,27
1Ch028,역대기상 28장,4:39,역대기상,28
1Ch029,역대기상 29장,5:37,역대기상,29
2Ch001,역대기하 1장,3:02,역대기하,1
2Ch002,역대기하 2장,3:52,역대기하,2
2Ch003,역대기하 3장,2:28,역대기하,3
2Ch004,역대기하 4장,3:11,역대기하,4
2Ch005,역대기하 5장,2:31,역대기하,5
2Ch006,역대기하 6장,8:02,역대기하,6
2Ch007,역대기하 7장,4:13,역대기하,7
2Ch008,역대기하 8장,3:01,역대기하,8
2Ch009,역대기하 9장,5:00,역대기하,9
2Ch010,역대기하 10장,3:35,역대기하,10
2Ch011,역대기하 11장,3:21,역대기하,11
2Ch012,역대기하 12장,2:54,역대기하,12
2Ch013,역대기하 13장,3:51,역대기하,13
2Ch014,역대기하 14장,2:50,역대기하,14
2Ch015,역대기하 15장,3:05,역대기하,15
2Ch016,역대기하 16장,2:37,역대기하,16
2Ch017,역대기하 17장,2:55,역대기하,17
2Ch018,역대기하 18장,6:38,역대기하,18
2Ch019,역대기하 19장,2:22,역대기하,19
2Ch020,역대기하 20장,7:03,역대기하,20
2Ch021,역대기하 21장,3:39,역대기하,21
2Ch022,역대기하 22장,2:44,역대기하,22
2Ch023,역대기하 23장,4:05,역대기하,23
2Ch024,역대기하 24장,5:13,역대기하,24
2Ch025,역대기하 25장,5:21,역대기하,25
2Ch026,역대기하 26장,4:00,역대기하,26
2Ch027,역대기하 27장,1:24,역대기하,27
2Ch028,역대기하 28장,4:50,역대기하,28
2Ch029,역대기하 29장,6:14,역대기하,29
2Ch030,역대기하 30장,5:22,역대기하,30
2Ch031,역대기하 31장,4:18,역대기하,31
2Ch032,역대기하 32장,6:19,역대기하,32
2Ch033,역대기하 33장,4:12,역대기하,33
2Ch034,역대기하 34장,6:41,역대기하,34
2Ch035,역대기하 35장,5:24,역대기하,35
2Ch036,역대기하 36장,4:17,역대기하,36
Ezr001,에스라 1장,2:07,에스라,1
Ezr002,에스라 2장,5:36,에스라,2
Ezr003,에스라 3장,2:43,에스라,3
Ezr004,에스라 4장,4:19,에스라,4
Ezr005,에스라 5장,3:11,에스라,5
Ezr006,에스라 6장,4:17,에스라,6
Ezr007,에스라 7장,4:47,에스라,7
Ezr008,에스라 8장,6:00,에스라,8
Ezr009,에스라 9장,3:45,에스라,9
Ezr010,에스라 10장,5:58,에스라,10
Neh001,느헤미야 1장,2:17,느헤미야,1
Neh002,느헤미야 2장,4:04,느헤미야,2
Neh003,느헤미야 3장,5:24,느헤미야,3
Neh004,느헤미야 4장,3:56,느헤미야,4
Neh005,느헤미야 5장,3:48,느헤미야,5
Neh006,느헤미야 6장,3:23,느헤미야,6
Neh007,느헤미야 7장,6:39,느헤미야,7
Neh008,느헤미야 8장,3:55,느헤미야,8
Neh009,느헤미야 9장,8:14,느헤미야,9
Neh010,느헤미야 10장,4:18,느헤미야,10
Neh011,느헤미야 11장,5:16,느헤미야,11
Neh012,느헤미야 12장,6:35,느헤미야,12
Neh013,느헤미야 13장,5:56,느헤미야,13
Est001,에스더 1장,3:55,에스더,1
Est002,에스더 2장,4:10,에스더,2
Est003,에스더 3장,2:56,에스더,3
Est004,에스더 4장,2:48,에스더,4
Est005,에스더 5장,2:31,에스더,5
Est006,에스더 6장,2:40,에스더,6
Est007,에스더 7장,2:08,에스더,7
Est008,에스더 8장,3:19,에스더,8
Est009,에스더 9장,5:08,에스더,9
Est010,에스더 10장,0:33,에스더,10
Job001,욥기 1장,3:53,욥기,1
Job002,욥기 2장,2:21,욥기,2
Job003,욥기 3장,2:52,욥기,3
Job004,욥기 4장,2:18,욥기,4
Job005,욥기 5장,2:51,욥기,5
Job006,욥기 6장,3:15,욥기,6
Job007,욥기 7장,2:43,욥기,7
Job008,욥기 8장,2:13,욥기,8
Job009,욥기 9장,3:40,욥기,9
Job010,욥기 10장,2:48,욥기,10
Job011,욥기 11장,2:14,욥기,11
Job012,욥기 12장,2:33,욥기,12
Job013,욥기 13장,3:00,욥기,13
Job014,욥기 14장,2:36,욥기,14
Job015,욥기 15장,3:41,욥기,15
Job016,욥기 16장,2:36,욥기,16
Job017,욥기 17장,1:44,욥기,17
Job018,욥기 18장,2:05,욥기,18
Job019,욥기 19장,3:06,욥기,19
Job020,욥기 20장,3:05,욥기,20
Job021,욥기 21장,3:30,욥기,21
Job022,욥기 22장,3:11,욥기,22
Job023,욥기 23장,1:51,욥기,23
Job024,욥기 24장,2:59,욥기,24
Job025,욥기 25장,0:38,욥기,25
Job026,욥기 26장,1:28,욥기,26
Job027,욥기 27장,2:30,욥기,27
Job028,욥기 28장,2:42,욥기,28
Job029,욥기 29장,2:39,욥기,29
Job030,욥기 30장,3:37,욥기,30
Job031,욥기 31장,4:32,욥기,31
Job032,욥기 32장,2:32,욥기,32
Job033,욥기 33장,3:30,욥기,33
Job034,욥기 34장,4:06,욥기,34
Job035,욥기 35장,1:50,욥기,35
Job036,욥기 36장,3:33,욥기,36
Job037,욥기 37장,2:49,욥기,37
Job038,욥기 38장,4:10,욥기,38
Job039,욥기 39장,3:18,욥기,39
Job040,욥기 40장,2:27,욥기,40
Job041,욥기 41장,3:40,욥기,41
Job042,욥기 42장,2:59,욥기,42
Psa001,시편 1장,0:57,시편,1
Psa002,시편 2장,1:36,시편,2
Psa003,시편 3장,1:11,시편,3
Psa004,시편 4장,1:20,시편,4
Psa005,시편 5장,1:52,시편,5
Psa006,시편 6장,1:20,시편,6
Psa007,시편 7장,2:19,시편,7
Psa008,시편 8장,1:16,시편,8
Psa009,시편 9장,2:59,시편,9
Psa010,시편 10장,2:46,시편,10
Psa011,시편 11장,1:00,시편,11
Psa012,시편 12장,1:10,시편,12
Psa013,시편 13장,1:06,시편,13
Psa014,시편 14장,1:14,시편,14
Psa015,시편 15장,0:49,시편,15
Psa016,시편 16장,1:36,시편,16
Psa017,시편 17장,2:15,시편,17
Psa018,시편 18장,6:48,시편,18
Psa019,시편 19장,1:56,시편,19
Psa020,시편 20장,1:19,시편,20
Psa021,시편 21장,1:51,시편,21
Psa022,시편 22장,4:16,시편,22
Psa023,시편 23장,1:01,시편,23
Psa024,시편 24장,1:28,시편,24
Psa025,시편 25장,2:51,시편,25
Psa026,시편 26장,1:24,시편,26
Psa027,시편 27장,2:28,시편,27
Psa028,시편 28장,1:46,시편,28
Psa029,시편 29장,1:32,시편,29
Psa030,시편 30장,1:55,시편,30
Psa031,시편 31장,3:48,시편,31
Psa032,시편 32장,1:43,시편,32
Psa033,시편 33장,2:33,시편,33
Psa034,시편 34장,2:38,시편,34
Psa035,시편 35장,4:02,시편,35
Psa036,시편 36장,1:49,시편,36
Psa037,시편 37장,4:45,시편,37
Psa038,시편 38장,2:39,시편,38
Psa039,시편 39장,2:11,시편,39
Psa040,시편 40장,3:07,시편,40
Psa041,시편 41장,1:50,시편,41
Psa042,시편 42장,2:04,시편,42
Psa043,시편 43장,1:08,시편,43
Psa044,시편 44장,3:32,시편,44
Psa045,시편 45장,2:36,시편,45
Psa046,시편 46장,1:32,시편,46
Psa047,시편 47장,1:09,시편,47
Psa048,시편 48장,1:37,시편,48
Psa049,시편 49장,2:33,시편,49
Psa050,시편 50장,2:46,시편,50
Psa051,시편 51장,2:41,시편,51
Psa052,시편 52장,1:16,시편,52
Psa053,시편 53장,1:05,시편,53
Psa054,시편 54장,1:03,시편,54
Psa055,시편 55장,3:13,시편,55
Psa056,시편 56장,1:49,시편,56
Psa057,시편 57장,2:00,시편,57
Psa058,시편 58장,1:31,시편,58
Psa059,시편 59장,2:40,시편,59
Psa060,시편 60장,1:39,시편,60
Psa061,시편 61장,1:02,시편,61
Psa062,시편 62장,1:54,시편,62
Psa063,시편 63장,1:27,시편,63
Psa064,시편 64장,1:24,시편,64
Psa065,시편 65장,1:49,시편,65
Psa066,시편 66장,2:37,시편,66
Psa067,시편 67장,1:03,시편,67
Psa068,시편 68장,5:21,시편,68
Psa069,시편 69장,4:54,시편,69
Psa070,시편 70장,0:51,시편,70
Psa071,시편 71장,3:31,시편,71
Psa072,시편 72장,2:28,시편,72
Psa073,시편 73장,3:00,시편,73
Psa074,시편 74장,3:02,시편,74
Psa075,시편 75장,1:17,시편,75
Psa076,시편 76장,1:29,시편,76
Psa077,시편 77장,2:19,시편,77
Psa078,시편 78장,8:23,시편,78
Psa079,시편 79장,1:59,시편,79
Psa080,시편 80장,2:22,시편,80
Psa081,시편 81장,2:07,시편,81
Psa082,시편 82장,1:00,시편,82
Psa083,시편 83장,2:01,시편,83
Psa084,시편 84장,1:44,시편,84
Psa085,시편 85장,1:32,시편,85
Psa086,시편 86장,2:31,시편,86
Psa087,시편 87장,0:56,시편,87
Psa088,시편 88장,2:25,시편,88
Psa089,시편 89장,6:35,시편,89
Psa090,시편 90장,2:13,시편,90
Psa091,시편 91장,2:03,시편,91
Psa092,시편 92장,1:47,시편,92
Psa093,시편 93장,0:49,시편,93
Psa094,시편 94장,2:37,시편,94
Psa095,시편 95장,1:24,시편,95
Psa096,시편 96장,1:50,시편,96
Psa097,시편 97장,1:27,시편,97
Psa098,시편 98장,1:16,시편,98
Psa099,시편 99장,1:26,시편,99
Psa100,시편 100장,0:46,시편,100
Psa101,시편 101장,1:13,시편,101
Psa102,시편 102장,3:11,시편,102
Psa103,시편 103장,2:41,시편,103
Psa104,시편 104장,4:13,시편,104
Psa105,시편 105장,4:58,시편,105
Psa106,시편 106장,5:35,시편,106
Psa107,시편 107장,4:37,시편,107
Psa108,시편 108장,1:47,시편,108
Psa109,시편 109장,3:33,시편,109
Psa110,시편 110장,1:02,시편,110
Psa111,시편 111장,1:25,시편,111
Psa112,시편 112장,1:21,시편,112
Psa113,시편 113장,0:57,시편,113
Psa114,시편 114장,0:57,시편,114
Psa115,시편 115장,2:12,시편,115
Psa116,시편 116장,2:11,시편,116
Psa117,시편 117장,0:23,시편,117
Psa118,시편 118장,3:26,시편,118
Psa119,시편 119장,20:18,시편,119
Psa120,시편 120장,0:45,시편,120
Psa121,시편 121장,0:57,시편,121
Psa122,시편 122장,1:05,시편,122
Psa123,시편 123장,0:42,시편,123
Psa124,시편 124장,0:56,시편,124
Psa125,시편 125장,0:49,시편,125
Psa126,시편 126장,0:50,시편,126
Psa127,시편 127장,0:50,시편,127
Psa128,시편 128장,0:46,시편,128
Psa129,시편 129장,0:57,시편,129
Psa130,시편 130장,1:00,시편,130
Psa131,시편 131장,0:36,시편,131
Psa132,시편 132장,2:10,시편,132
Psa133,시편 133장,0:29,시편,133
Psa134,시편 134장,0:24,시편,134
Psa135,시편 135장,2:30,시편,135
Psa136,시편 136장,3:02,시편,136
Psa137,시편 137장,1:16,시편,137
Psa138,시편 138장,1:22,시편,138
Psa139,시편 139장,3:01,시편,139
Psa140,시편 140장,2:01,시편,140
Psa141,시편 141장,1:32,시편,141
Psa142,시편 142장,1:12,시편,142
Psa143,시편 143장,1:58,시편,143
Psa144,시편 144장,2:18,시편,144
Psa145,시편 145장,2:37,시편,145
Psa146,시편 146장,1:26,시편,146
Psa147,시편 147장,2:23,시편,147
Psa148,시편 148장,1:40,시편,148
Psa149,시편 149장,1:08,시편,149
Psa150,시편 150장,0:46,시편,150
Pro001,잠언 1장,4:00,잠언,1
Pro002,잠언 2장,2:10,잠언,2
Pro003,잠언 3장,3:56,잠언,3
Pro004,잠언 4장,3:03,잠언,4
Pro005,잠언 5장,2:35,잠언,5
Pro006,잠언 6장,3:50,잠언,6
Pro007,잠언 7장,2:37,잠언,7
Pro008,잠언 8장,3:56,잠언,8
Pro009,잠언 9장,1:54,잠언,9
Pro010,잠언 10장,3:29,잠언,10
Pro011,잠언 11장,3:41,잠언,11
Pro012,잠언 12장,3:22,잠언,12
Pro013,잠언 13장,3:02,잠언,13
Pro014,잠언 14장,4:12,잠언,14
Pro015,잠언 15장,3:52,잠언,15
Pro016,잠언 16장,4:17,잠언,16
Pro017,잠언 17장,3:35,잠언,17
Pro018,잠언 18장,2:56,잠언,18
Pro019,잠언 19장,3:36,잠언,19
Pro020,잠언 20장,3:49,잠언,20
Pro021,잠언 21장,3:42,잠언,21
Pro022,잠언 22장,3:25,잠언,22
Pro023,잠언 23장,4:14,잠언,23
Pro024,잠언 24장,4:05,잠언,24
Pro025,잠언 25장,3:18,잠언,25
Pro026,잠언 26장,3:18,잠언,26
Pro027,잠언 27장,3:16,잠언,27
Pro028,잠언 28장,3:30,잠언,28
Pro029,잠언 29장,3:19,잠언,29
Pro030,잠언 30장,4:12,잠언,30
Pro031,잠언 31장,3:26,잠언,31
Ecc001,전도서 1장,2:43,전도서,1
Ecc002,전도서 2장,5:05,전도서,2
Ecc003,전도서 3장,3:24,전도서,3
Ecc004,전도서 4장,2:37,전도서,4
Ecc005,전도서 5장,3:38,전도서,5
Ecc006,전도서 6장,2:06,전도서,6
Ecc007,전도서 7장,4:25,전도서,7
Ecc008,전도서 8장,3:02,전도서,8
Ecc009,전도서 9장,3:51,전도서,9
Ecc010,전도서 10장,2:44,전도서,10
Ecc011,전도서 11장,1:49,전도서,11
Ecc012,전도서 12장,2:23,전도서,12
Son001,아가 1장,,아가,1
Son002,아가 2장,,아가,2
Son003,아가 3장,,아가,3
Son004,아가 4장,,아가,4
Son005,아가 5장,,아가,5
Son006,아가 6장,,아가,6
Son007,아가 7장,,아가,7
Son008,아가 8장,,아가,8
Isa001,이사야 1장,4:54,이사야,1
Isa002,이사야 2장,2:55,이사야,2
Isa003,이사야 3장,3:19,이사야,3
Isa004,이사야 4장,1:06,이사야,4
Isa005,이사야 5장,5:00,이사야,5
Isa006,이사야 6장,2:17,이사야,6
Isa007,이사야 7장,3:34,이사야,7
Isa008,이사야 8장,3:27,이사야,8
Isa009,이사야 9장,3:24,이사야,9
Isa010,이사야 10장,4:55,이사야,10
Isa011,이사야 11장,2:38,이사야,11
Isa012,이사야 12장,0:56,이사야,12
Isa013,이사야 13장,3:10,이사야,13
Isa014,이사야 14장,4:46,이사야,14
Isa015,이사야 15장,1:28,이사야,15
Isa016,이사야 16장,2:31,이사야,16
Isa017,이사야 17장,2:27,이사야,17
Isa018,이사야 18장,1:23,이사야,18
Isa019,이사야 19장,4:00,이사야,19
Isa020,이사야 20장,1:11,이사야,20
Isa021,이사야 21장,2:33,이사야,21
Isa022,이사야 22장,3:48,이사야,22
Isa023,이사야 23장,3:02,이사야,23
Isa024,이사야 24장,3:20,이사야,24
Isa025,이사야 25장,2:13,이사야,25
Isa026,이사야 26장,3:22,이사야,26
Isa027,이사야 27장,2:16,이사야,27
Isa028,이사야 28장,4:59,이사야,28
Isa029,이사야 29장,4:18,이사야,29
Isa030,이사야 30장,5:59,이사야,30
Isa031,이사야 31장,2:03,이사야,31
Isa032,이사야 32장,2:40,이사야,32
Isa033,이사야 33장,3:52,이사야,33
Isa034,이사야 34장,2:52,이사야,34
Isa035,이사야 35장,1:46,이사야,35
Isa036,이사야 36장,4:14,이사야,36
Isa037,이사야 37장,6:27,이사야,37
Isa038,이사야 38장,3:34,이사야,38
Isa039,이사야 39장,1:40,이사야,39
Isa040,이사야 40장,4:40,이사야,40
Isa041,이사야 41장,4:52,이사야,41
Isa042,이사야 42장,3:59,이사야,42
Isa043,이사야 43장,4:41,이사야,43
Isa044,이사야 44장,5:35,이사야,44
Isa045,이사야 45장,4:59,이사야,45
Isa046,이사야 46장,2:16,이사야,46
Isa047,이사야 47장,2:49,이사야,47
Isa048,이사야 48장,4:10,이사야,48
Isa049,이사야 49장,5:07,이사야,49
Isa050,이사야 50장,2:15,이사야,50
Isa051,이사야 51장,4:24,이사야,51
Isa052,이사야 52장,2:45,이사야,52
Isa053,이사야 53장,2:31,이사야,53
Isa054,이사야 54장,3:13,이사야,54
Isa055,이사야 55장,2:27,이사야,55
Isa056,이사야 56장,2:10,이사야,56
Isa057,이사야 57장,3:33,이사야,57
Isa058,이사야 58장,3:02,이사야,58
Isa059,이사야 59장,3:38,이사야,59
Isa060,이사야 60장,3:53,이사야,60
Isa061,이사야 61장,2:14,이사야,61
Isa062,이사야 62장,2:15,이사야,62
Isa063,이사야 63장,3:17,이사야,63
Isa064,이사야 64장,2:04,이사야,64
Isa065,이사야 65장,4:33,이사야,65
Isa066,이사야 66장,5:07,이사야,66
Jer001,예레미야 1장,3:03,예레미야,1
Jer002,예레미야 2장,6:25,예레미야,2
Jer003,예레미야 3장,4:59,예레미야,3
Jer004,예레미야 4장,4:58,예레미야,4
Jer005,예레미야 5장,5:00,예레미야,5
Jer006,예레미야 6장,4:56,예레미야,6
Jer007,예레미야 7장,5:18,예레미야,7
Jer008,예레미야 8장,3:55,예레미야,8
Jer009,예레미야 9장,4:30,예레미야,9
Jer010,예레미야 10장,3:51,예레미야,10
Jer011,예레미야 11장,4:17,예레미야,11
Jer012,예레미야 12장,3:07,예레미야,12
Jer013,예레미야 13장,4:19,예레미야,13
Jer014,예레미야 14장,4:16,예레미야,14
Jer015,예레미야 15장,4:00,예레미야,15
Jer016,예레미야 16장,3:48,예레미야,16
Jer017,예레미야 17장,4:30,예레미야,17
Jer018,예레미야 18장,3:47,예레미야,18
Jer019,예레미야 19장,2:48,예레미야,19
Jer020,예레미야 20장,3:34,예레미야,20
Jer021,예레미야 21장,2:53,예레미야,21
Jer022,예레미야 22장,5:04,예레미야,22
Jer023,예레미야 23장,7:20,예레미야,23
Jer024,예레미야 24장,1:55,예레미야,24
Jer025,예레미야 25장,6:10,예레미야,25
Jer026,예레미야 26장,4:15,예레미야,26
Jer027,예레미야 27장,4:08,예레미야,27
Jer028,예레미야 28장,3:03,예레미야,28
Jer029,예레미야 29장,5:42,예레미야,29
Jer030,예레미야 30장,4:15,예레미야,30
Jer031,예레미야 31장,7:13,예레미야,31
Jer032,예레미야 32장,7:19,예레미야,32
Jer033,예레미야 33장,4:30,예레미야,33
Jer034,예레미야 34장,4:13,예레미야,34
Jer035,예레미야 35장,3:35,예레미야,35
Jer036,예레미야 36장,5:28,예레미야,36
Jer037,예레미야 37장,3:19,예레미야,37
Jer038,예레미야 38장,5:19,예레미야,38
Jer039,예레미야 39장,2:50,예레미야,39
Jer040,예레미야 40장,3:37,예레미야,40
Jer041,예레미야 41장,3:07,예레미야,41
Jer042,예레미야 42장,4:06,예레미야,42
Jer043,예레미야 43장,2:24,예레미야,43
Jer044,예레미야 44장,6:15,예레미야,44
Jer045,예레미야 45장,1:02,예레미야,45
Jer046,예레미야 46장,4:36,예레미야,46
Jer047,예레미야 47장,1:17,예레미야,47
Jer048,예레미야 48장,7:16,예레미야,48
Jer049,예레미야 49장,7:26,예레미야,49
Jer050,예레미야 50장,8:26,예레미야,50
Jer051,예레미야 51장,10:58,예레미야,51
Jer052,예레미야 52장,5:09,예레미야,52
Lam001,예레미야애가 1장,,예레미야애가,1
Lam002,예레미야애가 2장,,예레미야애가,2
Lam003,예레미야애가 3장,,예레미야애가,3
Lam004,예레미야애가 4장,,예레미야애가,4
Lam005,예레미야애가 5장,,예레미야애가,5
Eze001,에스겔 1장,4:06,에스겔,1
Eze002,에스겔 2장,1:42,에스겔,2
Eze003,에스겔 3장,4:26,에스겔,3
Eze004,에스겔 4장,2:26,에스겔,4
Eze005,에스겔 5장,3:04,에스겔,5
Eze006,에스겔 6장,2:31,에스겔,6
Eze007,에스겔 7장,4:18,에스겔,7
Eze008,에스겔 8장,3:15,에스겔,8
Eze009,에스겔 9장,2:13,에스겔,9
Eze010,에스겔 10장,3:08,에스겔,10
Eze011,에스겔 11장,3:49,에스겔,11
Eze012,에스겔 12장,4:22,에스겔,12
Eze013,에스겔 13장,4:05,에스겔,13
Eze014,에스겔 14장,4:09,에스겔,14
Eze015,에스겔 15장,1:10,에스겔,15
Eze016,에스겔 16장,9:40,에스겔,16
Eze017,에스겔 17장,4:09,에스겔,17
Eze018,에스겔 18장,5:20,에스겔,18
Eze019,에스겔 19장,1:47,에스겔,19
Eze020,에스겔 20장,9:09,에스겔,20
Eze021,에스겔 21장,5:21,에스겔,21
Eze022,에스겔 22장,4:58,에스겔,22
Eze023,에스겔 23장,7:23,에스겔,23
Eze024,에스겔 24장,4:13,에스겔,24
Eze025,에스겔 25장,3:04,에스겔,25
Eze026,에스겔 26장,3:51,에스겔,26
Eze027,에스겔 27장,5:07,에스겔,27
Eze028,에스겔 28장,4:37,에스겔,28
Eze029,에스겔 29장,3:44,에스겔,29
Eze030,에스겔 30장,4:06,에스겔,30
Eze031,에스겔 31장,3:40,에스겔,31
Eze032,에스겔 32장,6:06,에스겔,32
Eze033,에스겔 33장,6:02,에스겔,33
Eze034,에스겔 34장,5:15,에스겔,34
Eze035,에스겔 35장,2:18,에스겔,35
Eze036,에스겔 36장,6:51,에스겔,36
Eze037,에스겔 37장,4:44,에스겔,37
Eze038,에스겔 38장,4:05,에스겔,38
Eze039,에스겔 39장,5:02,에스겔,39
Eze040,에스겔 40장,7:42,에스겔,40
Eze041,에스겔 41장,3:57,에스겔,41
Eze042,에스겔 42장,2:45,에스겔,42
Eze043,에스겔 43장,4:51,에스겔,43
Eze044,에스겔 44장,5:22,에스겔,44
Eze045,에스겔 45장,4:38,에스겔,45
Eze046,에스겔 46장,4:22,에스겔,46
Eze047,에스겔 47장,3:57,에스겔,47
Eze048,에스겔 48장,5:20,에스겔,48
Dan001,다니엘 1장,3:16,다니엘,1
Dan002,다니엘 2장,8:47,다니엘,2
Dan003,다니엘 3장,5:56,다니엘,3
Dan004,다니엘 4장,7:35,다니엘,4
Dan005,다니엘 5장,5:43,다니엘,5
Dan006,다니엘 6장,5:22,다니엘,6
Dan007,다니엘 7장,5:16,다니엘,7
Dan008,다니엘 8장,4:36,다니엘,8
Dan009,다니엘 9장,5:48,다니엘,9
Dan010,다니엘 10장,3:37,다니엘,10
Dan011,다니엘 11장,8:13,다니엘,11
Dan012,다니엘 12장,2:12,다니엘,12
Hos001,호세아 1장,2:02,호세아,1
Hos002,호세아 2장,3:58,호세아,2
Hos003,호세아 3장,0:55,호세아,3
Hos004,호세아 4장,2:56,호세아,4
Hos005,호세아 5장,2:25,호세아,5
Hos006,호세아 6장,1:34,호세아,6
Hos007,호세아 7장,2:29,호세아,7
Hos008,호세아 8장,2:08,호세아,8
Hos009,호세아 9장,3:06,호세아,9
Hos010,호세아 10장,2:34,호세아,10
Hos011,호세아 11장,2:07,호세아,11
Hos012,호세아 12장,2:03,호세아,12
Hos013,호세아 13장,2:40,호세아,13
Hos014,호세아 14장,1:41,호세아,14
Joe001,요엘 1장,3:05,요엘,1
Joe002,요엘 2장,5:33,요엘,2
Joe003,요엘 3장,3:26,요엘,3
Amo001,아모스 1장,2:46,아모스,1
Amo002,아모스 2장,2:44,아모스,2
Amo003,아모스 3장,2:20,아모스,3
Amo004,아모스 4장,2:53,아모스,4
Amo005,아모스 5장,3:59,아모스,5
Amo006,아모스 6장,2:22,아모스,6
Amo007,아모스 7장,3:01,아모스,7
Amo008,아모스 8장,2:35,아모스,8
Amo009,아모스 9장,3:04,아모스,9
Oba001,오바댜 1장,3:50,오바댜,1
Jon001,요나 1장,2:54,요나,1
Jon002,요나 2장,1:24,요나,2
Jon003,요나 3장,1:32,요나,3
Jon004,요나 4장,1:58,요나,4
Mic001,미가 1장,2:43,미가,1
Mic002,미가 2장,2:19,미가,2
Mic003,미가 3장,2:00,미가,3
Mic004,미가 4장,2:36,미가,4
Mic005,미가 5장,2:19,미가,5
Mic006,미가 6장,2:43,미가,6
Mic007,미가 7장,3:18,미가,7
Nah001,나훔 1장,2:25,나훔,1
Nah002,나훔 2장,2:09,나훔,2
Nah003,나훔 3장,3:00,나훔,3
Hab001,하박국 1장,2:43,하박국,1
Hab002,하박국 2장,3:18,하박국,2
Hab003,하박국 3장,3:02,하박국,3
Zep001,스바냐 1장,3:01,스바냐,1
Zep002,스바냐 2장,2:39,스바냐,2
Zep003,스바냐 3장,3:32,스바냐,3
Hag001,학개 1장,2:37,학개,1
Hag002,학개 2장,4:07,학개,2
Zec001,스가랴 1장,3:49,스가랴,1
Zec002,스가랴 2장,1:51,스가랴,2
Zec003,스가랴 3장,1:47,스가랴,3
Zec004,스가랴 4장,2:23,스가랴,4
Zec005,스가랴 5장,1:49,스가랴,5
Zec006,스가랴 6장,2:10,스가랴,6
Zec007,스가랴 7장,2:02,스가랴,7
Zec008,스가랴 8장,3:58,스가랴,8
Zec009,스가랴 9장,3:09,스가랴,9
Zec010,스가랴 10장,2:17,스가랴,10
Zec011,스가랴 11장,3:00,스가랴,11
Zec012,스가랴 12장,2:30,스가랴,12
Zec013,스가랴 13장,1:43,스가랴,13
Zec014,스가랴 14장,3:44,스가랴,14
Mal001,말라기 1장,3:23,말라기,1
Mal002,말라기 2장,3:43,말라기,2
Mal003,말라기 3장,3:36,말라기,3
Mal004,말라기 4장,1:09,말라기,4
Mat001,마태복음 1장,2:56,마태복음,1
Mat002,마태복음 2장,3:10,마태복음,2
Mat003,마태복음 3장,2:18,마태복음,3
Mat004,마태복음 4장,3:12,마태복음,4
Mat005,마태복음 5장,5:57,마태복음,5
Mat006,마태복음 6장,5:05,마태복음,6
Mat007,마태복음 7장,3:35,마태복음,7
Mat008,마태복음 8장,4:23,마태복음,8
Mat009,마태복음 9장,4:52,마태복음,9
Mat010,마태복음 10장,5:20,마태복음,10
Mat011,마태복음 11장,4:03,마태복음,11
Mat012,마태복음 12장,6:14,마태복음,12
Mat013,마태복음 13장,6:45,마태복음,13
Mat014,마태복음 14장,3:37,마태복음,14
Mat015,마태복음 15장,4:30,마태복음,15
Mat016,마태복음 16장,3:44,마태복음,16
Mat017,마태복음 17장,3:40,마태복음,17
Mat018,마태복음 18장,4:35,마태복음,18
Mat019,마태복음 19장,4:09,마태복음,19
Mat020,마태복음 20장,4:07,마태복음,20
Mat021,마태복음 21장,6:09,마태복음,21
Mat022,마태복음 22장,4:40,마태복음,22
Mat023,마태복음 23장,4:54,마태복음,23
Mat024,마태복음 24장,5:23,마태복음,24
Mat025,마태복음 25장,5:33,마태복음,25
Mat026,마태복음 26장,9:24,마태복음,26
Mat027,마태복음 27장,7:42,마태복음,27
Mat028,마태복음 28장,2:29,마태복음,28
Mar001,마가복음 1장,5:10,마가복음,1
Mar002,마가복음 2장,3:57,마가복음,2
Mar003,마가복음 3장,3:51,마가복음,3
Mar004,마가복음 4장,4:37,마가복음,4
Mar005,마가복음 5장,5:05,마가복음,5
Mar006,마가복음 6장,6:55,마가복음,6
Mar007,마가복음 7장,4:39,마가복음,7
Mar008,마가복음 8장,4:29,마가복음,8
Mar009,마가복음 9장,6:42,마가복음,9
Mar010,마가복음 10장,6:53,마가복음,10
Mar011,마가복음 11장,4:22,마가복음,11
Mar012,마가복음 12장,6:10,마가복음,12
Mar013,마가복음 13장,4:40,마가복음,13
Mar014,마가복음 14장,9:30,마가복음,14
Mar015,마가복음 15장,5:18,마가복음,15
Mar016,마가복음 16장,2:41,마가복음,16
Luk001,누가복음 1장,8:30,누가복음,1
Luk002,누가복음 2장,5:36,누가복음,2
Luk003,누가복음 3장,5:07,누가복음,3
Luk004,누가복음 4장,5:25,누가복음,4
Luk005,누가복음 5장,5:17,누가복음,5
Luk006,누가복음 6장,6:24,누가복음,6
Luk007,누가복음 7장,6:56,누가복음,7
Luk008,누가복음 8장,7:21,누가복음,8
Luk009,누가복음 9장,8:07,누가복음,9
Luk010,누가복음 10장,5:34,누가복음,10
Luk011,누가복음 11장,6:56,누가복음,11
Luk012,누가복음 12장,7:50,누가복음,12
Luk013,누가복음 13장,4:52,누가복음,13
Luk014,누가복음 14장,4:31,누가복음,14
Luk015,누가복음 15장,3:57,누가복음,15
Luk016,누가복음 16장,4:36,누가복음,16
Luk017,누가복음 17장,4:19,누가복음,17
Luk018,누가복음 18장,5:25,누가복음,18
Luk019,누가복음 19장,5:30,누가복음,19
Luk020,누가복음 20장,4:00,누가복음,20
Luk021,누가복음 21장,4:25,누가복음,21
Luk022,누가복음 22장,8:13,누가복음,22
Luk023,누가복음 23장,6:11,누가복음,23
Luk024,누가복음 24장,5:51,누가복음,24
Joh001,요한복음 1장,6:17,요한복음,1
Joh002,요한복음 2장,2:56,요한복음,2
Joh003,요한복음 3장,4:25,요한복음,3
Joh004,요한복음 4장,6:08,요한복음,4
Joh005,요한복음 5장,5:46,요한복음,5
Joh006,요한복음 6장,8:36,요한복음,6
Joh007,요한복음 7장,6:11,요한복음,7
Joh008,요한복음 8장,7:54,요한복음,8
Joh009,요한복음 9장,5:00,요한복음,9
Joh010,요한복음 10장,4:48,요한복음,10
Joh011,요한복음 11장,6:43,요한복음,11
Joh012,요한복음 12장,6:40,요한복음,12
Joh013,요한복음 13장,5:06,요한복음,13
Joh014,요한복음 14장,4:41,요한복음,14
Joh015,요한복음 15장,3:38,요한복음,15
Joh016,요한복음 16장,4:35,요한복음,16
Joh017,요한복음 17장,4:14,요한복음,17
Joh018,요한복음 18장,5:48,요한복음,18
Joh019,요한복음 19장,6:10,요한복음,19
Joh020,요한복음 20장,4:23,요한복음,20
Joh021,요한복음 21장,4:22,요한복음,21
Act001,사도행전 1장,3:46,사도행전,1
Act002,사도행전 2장,5:48,사도행전,2
Act003,사도행전 3장,3:30,사도행전,3
Act004,사도행전 4장,4:26,사도행전,4
Act005,사도행전 5장,5:10,사도행전,5
Act006,사도행전 6장,1:59,사도행전,6
Act007,사도행전 7장,7:57,사도행전,7
Act008,사도행전 8장,4:36,사도행전,8
Act009,사도행전 9장,5:37,사도행전,9
Act010,사도행전 10장,5:52,사도행전,10
Act011,사도행전 11장,3:34,사도행전,11
Act012,사도행전 12장,3:19,사도행전,12
Act013,사도행전 13장,6:53,사도행전,13
Act014,사도행전 14장,3:24,사도행전,14
Act015,사도행전 15장,5:02,사도행전,15
Act016,사도행전 16장,5:02,사도행전,16
Act017,사도행전 17장,4:51,사도행전,17
Act018,사도행전 18장,3:45,사도행전,18
Act019,사도행전 19장,5:12,사도행전,19
Act020,사도행전 20장,4:48,사도행전,20
Act021,사도행전 21장,5:23,사도행전,21
Act022,사도행전 22장,4:08,사도행전,22
Act023,사도행전 23장,4:52,사도행전,23
Act024,사도행전 24장,3:32,사도행전,24
Act025,사도행전 25장,4:08,사도행전,25
Act026,사도행전 26장,4:30,사도행전,26
Act027,사도행전 27장,5:19,사도행전,27
Act028,사도행전 28장,4:12,사도행전,28
Rom001,로마서 1장,4:49,로마서,1
Rom002,로마서 2장,3:42,로마서,2
Rom003,로마서 3장,3:51,로마서,3
Rom004,로마서 4장,3:06,로마서,4
Rom005,로마서 5장,3:16,로마서,5
Rom006,로마서 6장,3:13,로마서,6
Rom007,로마서 7장,3:42,로마서,7
Rom008,로마서 8장,5:10,로마서,8
Rom009,로마서 9장,4:23,로마서,9
Rom010,로마서 10장,2:54,로마서,10
Rom011,로마서 11장,4:56,로마서,11
Rom012,로마서 12장,2:29,로마서,12
Rom013,로마서 13장,2:15,로마서,13
Rom014,로마서 14장,3:14,로마서,14
Rom015,로마서 15장,4:38,로마서,15
Rom016,로마서 16장,3:28,로마서,16
1Co001,고린도전서 1장,4:09,고린도전서,1
1Co002,고린도전서 2장,2:28,고린도전서,2
1Co003,고린도전서 3장,3:00,고린도전서,3
1Co004,고린도전서 4장,3:06,고린도전서,4
1Co005,고린도전서 5장,1:59,고린도전서,5
1Co006,고린도전서 6장,2:46,고린도전서,6
1Co007,고린도전서 7장,5:41,고린도전서,7
1Co008,고린도전서 8장,1:46,고린도전서,8
1Co009,고린도전서 9장,3:43,고린도전서,9
1Co010,고린도전서 10장,3:41,고린도전서,10
1Co011,고린도전서 11장,4:00,고린도전서,11
1Co012,고린도전서 12장,3:35,고린도전서,12
1Co013,고린도전서 13장,1:43,고린도전서,13
1Co014,고린도전서 14장,4:56,고린도전서,14
1Co015,고린도전서 15장,6:52,고린도전서,15
1Co016,고린도전서 16장,2:30,고린도전서,16
2Co001,고린도후서 1장,3:30,고린도후서,1
2Co002,고린도후서 2장,2:15,고린도후서,2
2Co003,고린도후서 3장,2:15,고린도후서,3
2Co004,고린도후서 4장,2:32,고린도후서,4
2Co005,고린도후서 5장,3:05,고린도후서,5
2Co006,고린도후서 6장,2:24,고린도후서,6
2Co007,고린도후서 7장,2:58,고린도후서,7
2Co008,고린도후서 8장,3:09,고린도후서,8
2Co009,고린도후서 9장,2:16,고린도후서,9
2Co010,고린도후서 10장,2:38,고린도후서,10
2Co011,고린도후서 11장,4:26,고린도후서,11
2Co012,고린도후서 12장,3:49,고린도후서,12
2Co013,고린도후서 13장,2:08,고린도후서,13
Gal001,갈라디아서 1장,2:51,갈라디아서,1
Gal002,갈라디아서 2장,3:20,갈라디아서,2
Gal003,갈라디아서 3장,4:00,갈라디아서,3
Gal004,갈라디아서 4장,3:48,갈라디아서,4
Gal005,갈라디아서 5장,3:03,갈라디아서,5
Gal006,갈라디아서 6장,2:12,갈라디아서,6
Eph001,에베소서 1장,2:54,에베소서,1
Eph002,에베소서 2장,2:54,에베소서,2
Eph003,에베소서 3장,2:30,에베소서,3
Eph004,에베소서 4장,3:33,에베소서,4
Eph005,에베소서 5장,3:29,에베소서,5
Eph006,에베소서 6장,2:45,에베소서,6
Phi001,빌립보서 1장,3:48,빌립보서,1
Phi002,빌립보서 2장,3:33,빌립보서,2
Phi003,빌립보서 3장,2:52,빌립보서,3
Phi004,빌립보서 4장,3:18,빌립보서,4
Col001,골로새서 1장,4:07,골로새서,1
Col002,골로새서 2장,2:56,골로새서,2
Col003,골로새서 3장,3:04,골로새서,3
Col004,골로새서 4장,2:24,골로새서,4
1Th001,데살로니가전서 1장,1:42,데살로니가전서,1
1Th002,데살로니가전서 2장,3:02,데살로니가전서,2
1Th003,데살로니가전서 3장,1:52,데살로니가전서,3
1Th004,데살로니가전서 4장,2:20,데살로니가전서,4
1Th005,데살로니가전서 5장,2:39,데살로니가전서,5
2Th001,데살로니가후서 1장,1:55,데살로니가후서,1
2Th002,데살로니가후서 2장,2:15,데살로니가후서,2
2Th003,데살로니가후서 3장,2:06,데살로니가후서,3
1Ti001,디모데전서 1장,2:59,디모데전서,1
1Ti002,디모데전서 2장,1:47,디모데전서,2
1Ti003,디모데전서 3장,2:06,디모데전서,3
1Ti004,디모데전서 4장,1:54,디모데전서,4
1Ti005,디모데전서 5장,2:55,디모데전서,5
1Ti006,디모데전서 6장,3:02,디모데전서,6
2Ti001,디모데후서 1장,2:41,디모데후서,1
2Ti002,디모데후서 2장,3:14,디모데후서,2
2Ti003,디모데후서 3장,2:09,디모데후서,3
2Ti004,디모데후서 4장,2:39,디모데후서,4
Tit001,디도서 1장,2:20,디도서,1
Tit002,디도서 2장,1:48,디도서,2
Tit003,디도서 3장,2:06,디도서,3
Phm001,빌레몬서 1장,2:48,빌레몬서,1
Heb001,히브리서 1장,2:05,히브리서,1
Heb002,히브리서 2장,2:45,히브리서,2
Heb003,히브리서 3장,2:17,히브리서,3
Heb004,히브리서 4장,2:31,히브리서,4
Heb005,히브리서 5장,1:56,히브리서,5
Heb006,히브리서 6장,2:31,히브리서,6
Heb007,히브리서 7장,3:45,히브리서,7
Heb008,히브리서 8장,2:04,히브리서,8
Heb009,히브리서 9장,3:55,히브리서,9
Heb010,히브리서 10장,4:41,히브리서,10
Heb011,히브리서 11장,5:46,히브리서,11
Heb012,히브리서 12장,3:57,히브리서,12
Heb013,히브리서 13장,3:14,히브리서,13
Jam001,야고보서 1장,3:13,야고보서,1
Jam002,야고보서 2장,3:16,야고보서,2
Jam003,야고보서 3장,2:23,야고보서,3
Jam004,야고보서 4장,2:25,야고보서,4
Jam005,야고보서 5장,2:46,야고보서,5
1Pe001,베드로전서 1장,3:37,베드로전서,1
1Pe002,베드로전서 2장,3:28,베드로전서,2
1Pe003,베드로전서 3장,3:10,베드로전서,3
1Pe004,베드로전서 4장,2:43,베드로전서,4
1Pe005,베드로전서 5장,1:54,베드로전서,5
2Pe001,베드로후서 1장,2:43,베드로후서,1
2Pe002,베드로후서 2장,3:19,베드로후서,2
2Pe003,베드로후서 3장,2:43,베드로후서,3
1Jo001,요한일서 1장,1:34,요한일서,1
1Jo002,요한일서 2장,4:13,요한일서,2
1Jo003,요한일서 3장,3:23,요한일서,3
1Jo004,요한일서 4장,3:12,요한일서,4
1Jo005,요한일서 5장,2:57,요한일서,5
2Jo001,요한이서 1장,1:51,요한이서,1
3Jo001,요한삼서 1장,1:57,요한삼서,1
Jud001,유다서 1장,4:09,유다서,1
Rev001,요한계시록 1장,3:12,요한계시록,1
Rev002,요한계시록 2장,4:27,요한계시록,2
Rev003,요한계시록 3장,3:41,요한계시록,3
Rev004,요한계시록 4장,2:02,요한계시록,4
Rev005,요한계시록 5장,2:19,요한계시록,5
Rev006,요한계시록 6장,2:37,요한계시록,6
Rev007,요한계시록 7장,2:35,요한계시록,7
Rev008,요한계시록 8장,1:50,요한계시록,8
Rev009,요한계시록 9장,2:51,요한계시록,9
Rev010,요한계시록 10장,1:44,요한계시록,10
Rev011,요한계시록 11장,3:04,요한계시록,11
Rev012,요한계시록 12장,2:42,요한계시록,12
Rev013,요한계시록 13장,2:45,요한계시록,13
Rev014,요한계시록 14장,3:35,요한계시록,14
Rev015,요한계시록 15장,1:25,요한계시록,15
Rev016,요한계시록 16장,3:05,요한계시록,16
Rev017,요한계시록 17장,2:52,요한계시록,17
Rev018,요한계시록 18장,4:11,요한계시록,18
Rev019,요한계시록 19장,3:27,요한계시록,19
Rev020,요한계시록 20장,2:28,요한계시록,20
Rev021,요한계시록 21장,4:08,요한계시록,21
Rev022,요한계시록 22장,3:13,요한계시록,22
